{
"mc": {
	"mc1": {
		"frameRate":24,
		"labels": [
		],
		"frames": [
			{"res":"mc10000","x":-13.9,"y":2},
			{"res":"mc10001","x":-13.9,"y":2},
			{"res":"mc10002","x":-13.9,"y":2},
			{"res":"mc10003","x":-13.9,"y":2},
			{"res":"mc10004","x":-13.9,"y":2},
			{"res":"mc10005","x":-13.9,"y":2},
			{"res":"mc10006","x":-13.9,"y":2},
			{"res":"mc10007","x":-13.9,"y":2},
			{"res":"mc10008","x":-13.9,"y":2},
			{"res":"mc10009","x":-13.9,"y":2},
			{"res":"mc10010","x":-13.9,"y":2},
			{"res":"mc10011","x":-13.9,"y":2},
			{"res":"mc10012","x":-13.9,"y":2},
			{"res":"mc10013","x":-13.9,"y":2},
			{"res":"mc10014","x":-13.9,"y":2},
			{"res":"mc10015","x":-13.9,"y":2},
			{"res":"mc10016","x":-13.9,"y":2},
			{"res":"mc10017","x":-13.9,"y":2},
			{"res":"mc10018","x":-13.9,"y":2},
			{"res":"mc10019","x":-13.9,"y":2},
			{"res":"mc10020","x":-13.9,"y":2},
			{"res":"mc10021","x":-13.9,"y":2},
			{"res":"mc10022","x":-13.9,"y":2},
			{"res":"mc10023","x":-13.9,"y":2},
			{"res":"mc10024","x":-13.9,"y":2},
			{"res":"mc10025","x":-13.9,"y":2},
			{"res":"mc10026","x":-13.9,"y":2},
			{"res":"mc10027","x":-13.9,"y":2},
			{"res":"mc10028","x":-13.9,"y":2},
			{"res":"mc10029","x":-13.9,"y":2},
			{"res":"mc10030","x":-13.9,"y":2},
			{"res":"mc10031","x":-13.9,"y":2},
			{"res":"mc10032","x":-13.9,"y":2},
			{"res":"mc10033","x":-13.9,"y":2},
			{"res":"mc10034","x":-13.9,"y":2},
			{"res":"mc10035","x":-13.9,"y":2},
			{"res":"mc10036","x":-13.9,"y":2},
			{"res":"mc10037","x":-13.9,"y":2},
			{"res":"mc10038","x":-13.9,"y":2},
			{"res":"mc10039","x":-13.9,"y":2},
			{"res":"mc10040","x":-13.9,"y":2},
			{"res":"mc10041","x":-13.9,"y":2},
			{"res":"mc10042","x":-13.9,"y":2},
			{"res":"mc10043","x":-13.9,"y":2},
			{"res":"mc10044","x":-13.9,"y":2},
			{"res":"mc10045","x":-13.9,"y":2},
			{"res":"mc10046","x":-13.9,"y":2},
			{"res":"mc10047","x":-13.9,"y":2},
			{"res":"mc10048","x":-13.9,"y":2},
			{"res":"mc10049","x":-13.9,"y":2},
			{"res":"mc10050","x":-13.9,"y":2},
			{"res":"mc10051","x":-13.9,"y":2},
			{"res":"mc10052","x":-13.9,"y":2},
			{"res":"mc10053","x":-13.9,"y":2},
			{"res":"mc10054","x":-13.9,"y":2},
			{"res":"mc10055","x":-13.9,"y":2},
			{"res":"mc10056","x":-13.9,"y":2},
			{"res":"mc10057","x":-13.9,"y":2},
			{"res":"mc10058","x":-13.9,"y":2},
			{"res":"mc10059","x":-13.9,"y":2}
		]
	},
	"mc2": {
		"frameRate":24,
		"labels": [
		],
		"frames": [
			{"res":"mc20000","x":4.1,"y":-0.8},
			{"res":"mc20001","x":4.1,"y":-0.8},
			{"res":"mc20002","x":4.1,"y":-0.8},
			{"res":"mc20003","x":4.1,"y":-0.8},
			{"res":"mc20004","x":4.1,"y":-0.8},
			{"res":"mc20005","x":4.1,"y":-0.8},
			{"res":"mc20006","x":4.1,"y":-0.8},
			{"res":"mc20007","x":4.1,"y":-0.8}
		]
	},
	"mc3": {
		"frameRate":24,
		"labels": [
		],
		"frames": [
			{"res":"mc30000","x":5.35,"y":3.35},
			{"res":"mc30001","x":5.35,"y":3.35},
			{"res":"mc30002","x":5.35,"y":3.35},
			{"res":"mc30003","x":5.35,"y":3.35},
			{"res":"mc30004","x":5.35,"y":3.35},
			{"res":"mc30005","x":5.35,"y":3.35},
			{"res":"mc30006","x":5.35,"y":3.35},
			{"res":"mc30007","x":5.35,"y":3.35}
		]
	}
},
"res": {
	"mc10000":{"x":0,"y":0,"w":127,"h":103},
	"mc10001":{"x":127,"y":0,"w":127,"h":103},
	"mc10002":{"x":254,"y":0,"w":127,"h":103},
	"mc10003":{"x":381,"y":0,"w":127,"h":103},
	"mc10004":{"x":508,"y":0,"w":127,"h":103},
	"mc10005":{"x":635,"y":0,"w":127,"h":103},
	"mc10006":{"x":762,"y":0,"w":127,"h":103},
	"mc10007":{"x":889,"y":0,"w":127,"h":103},
	"mc10008":{"x":0,"y":103,"w":127,"h":103},
	"mc10009":{"x":127,"y":103,"w":127,"h":103},
	"mc10010":{"x":254,"y":103,"w":127,"h":103},
	"mc10011":{"x":381,"y":103,"w":127,"h":103},
	"mc10012":{"x":508,"y":103,"w":127,"h":103},
	"mc10013":{"x":635,"y":103,"w":127,"h":103},
	"mc10014":{"x":762,"y":103,"w":127,"h":103},
	"mc10015":{"x":889,"y":103,"w":127,"h":103},
	"mc10016":{"x":0,"y":206,"w":127,"h":103},
	"mc10017":{"x":127,"y":206,"w":127,"h":103},
	"mc10018":{"x":254,"y":206,"w":127,"h":103},
	"mc10019":{"x":381,"y":206,"w":127,"h":103},
	"mc10020":{"x":508,"y":206,"w":127,"h":103},
	"mc10021":{"x":635,"y":206,"w":127,"h":103},
	"mc10022":{"x":762,"y":206,"w":127,"h":103},
	"mc10023":{"x":889,"y":206,"w":127,"h":103},
	"mc10024":{"x":0,"y":309,"w":127,"h":103},
	"mc10025":{"x":127,"y":309,"w":127,"h":103},
	"mc10026":{"x":254,"y":309,"w":127,"h":103},
	"mc10027":{"x":381,"y":309,"w":127,"h":103},
	"mc10028":{"x":508,"y":309,"w":127,"h":103},
	"mc10029":{"x":635,"y":309,"w":127,"h":103},
	"mc10030":{"x":762,"y":309,"w":127,"h":103},
	"mc10031":{"x":889,"y":309,"w":127,"h":103},
	"mc10032":{"x":0,"y":412,"w":127,"h":103},
	"mc10033":{"x":127,"y":412,"w":127,"h":103},
	"mc10034":{"x":254,"y":412,"w":127,"h":103},
	"mc10035":{"x":381,"y":412,"w":127,"h":103},
	"mc10036":{"x":508,"y":412,"w":127,"h":103},
	"mc10037":{"x":635,"y":412,"w":127,"h":103},
	"mc10038":{"x":762,"y":412,"w":127,"h":103},
	"mc10039":{"x":889,"y":412,"w":127,"h":103},
	"mc10040":{"x":0,"y":515,"w":127,"h":103},
	"mc10041":{"x":127,"y":515,"w":127,"h":103},
	"mc10042":{"x":254,"y":515,"w":127,"h":103},
	"mc10043":{"x":381,"y":515,"w":127,"h":103},
	"mc10044":{"x":508,"y":515,"w":127,"h":103},
	"mc10045":{"x":635,"y":515,"w":127,"h":103},
	"mc10046":{"x":762,"y":515,"w":127,"h":103},
	"mc10047":{"x":889,"y":515,"w":127,"h":103},
	"mc10048":{"x":0,"y":618,"w":127,"h":103},
	"mc10049":{"x":127,"y":618,"w":127,"h":103},
	"mc10050":{"x":254,"y":618,"w":127,"h":103},
	"mc10051":{"x":381,"y":618,"w":127,"h":103},
	"mc10052":{"x":508,"y":618,"w":127,"h":103},
	"mc10053":{"x":635,"y":618,"w":127,"h":103},
	"mc10054":{"x":762,"y":618,"w":127,"h":103},
	"mc10055":{"x":889,"y":618,"w":127,"h":103},
	"mc10056":{"x":0,"y":721,"w":127,"h":103},
	"mc10057":{"x":127,"y":721,"w":127,"h":103},
	"mc10058":{"x":254,"y":721,"w":127,"h":103},
	"mc10059":{"x":381,"y":721,"w":127,"h":103},
	"mc20000":{"x":508,"y":721,"w":112,"h":107},
	"mc20001":{"x":620,"y":721,"w":112,"h":107},
	"mc20002":{"x":732,"y":721,"w":112,"h":107},
	"mc20003":{"x":844,"y":721,"w":112,"h":107},
	"mc20004":{"x":0,"y":828,"w":112,"h":107},
	"mc20005":{"x":112,"y":828,"w":112,"h":107},
	"mc20006":{"x":224,"y":828,"w":112,"h":107},
	"mc20007":{"x":336,"y":828,"w":112,"h":107},
	"mc30000":{"x":448,"y":828,"w":138,"h":119},
	"mc30001":{"x":586,"y":828,"w":138,"h":119},
	"mc30002":{"x":724,"y":828,"w":138,"h":119},
	"mc30003":{"x":862,"y":828,"w":138,"h":119},
	"mc30004":{"x":0,"y":947,"w":138,"h":119},
	"mc30005":{"x":138,"y":947,"w":138,"h":119},
	"mc30006":{"x":276,"y":947,"w":138,"h":119},
	"mc30007":{"x":414,"y":947,"w":138,"h":119}
}
}